Episode,Reward,Epsilon
0,-152.74975085943515,0.995
1,-240.65679170965896,0.990025
2,-140.5744863647752,0.985074875
3,-188.78704757459082,0.9801495006250001
4,-96.96122393433113,0.9752487531218751
5,-89.29813188007708,0.9703725093562657
6,-101.33557806575054,0.9655206468094844
7,-243.3924261510506,0.960693043575437
8,-133.41985285710547,0.9558895783575597
9,-105.98185691026647,0.9511101304657719
10,-42.87606271723073,0.946354579813443
11,-102.65007009272296,0.9416228069143757
12,-312.8154166122835,0.9369146928798039
13,-65.16541684447006,0.9322301194154049
14,-178.52050721890748,0.9275689688183278
15,-71.5087245939838,0.9229311239742362
16,-139.93271693184101,0.918316468354365
17,-292.0757953763648,0.9137248860125932
18,-127.99071451785831,0.9091562615825302
19,-121.55194331962304,0.9046104802746175
20,-144.0764390413912,0.9000874278732445
21,-107.52488594891183,0.8955869907338783
22,-41.95566096087005,0.8911090557802088
23,-140.1816869325271,0.8866535105013078
24,-163.94135373406743,0.8822202429488013
25,-283.470932878586,0.8778091417340573
26,-361.5521206447591,0.8734200960253871
27,-244.8732641461439,0.8690529955452602
28,-289.75480839624527,0.8647077305675338
29,-247.0208450176521,0.8603841919146962
30,-206.0290123050446,0.8560822709551227
31,-117.79944393861146,0.851801859600347
32,-245.16676022100665,0.8475428503023453
33,-10.556477033310912,0.8433051360508336
34,-122.06534647127145,0.8390886103705794
35,-88.52225596638829,0.8348931673187264
36,-203.65450088059615,0.8307187014821328
37,-100.99325401631535,0.8265651079747222
38,-123.76985175154184,0.8224322824348486
39,-36.56978044498683,0.8183201210226743
40,-68.01842213849969,0.8142285204175609
41,-48.51375896580367,0.810157377815473
42,-208.07944685837927,0.8061065909263957
43,-51.28784261267516,0.8020760579717637
44,-237.37281570459587,0.798065677681905
45,-63.9996696050185,0.7940753492934954
46,-76.54698163080772,0.7901049725470279
47,-82.08100037542914,0.7861544476842928
48,-118.66549418971869,0.7822236754458713
49,-305.6522472603365,0.778312557068642
50,-134.81868853729196,0.7744209942832988
51,-216.56020087308053,0.7705488893118823
52,-69.8205500906211,0.7666961448653229
53,-31.595030432213463,0.7628626641409962
54,-76.05093964718606,0.7590483508202912
55,-232.4189201673354,0.7552531090661897
56,-96.76372000134279,0.7514768435208588
57,-115.75144600005007,0.7477194593032545
58,-57.03576665138587,0.7439808620067382
59,-66.09669544452115,0.7402609576967045
60,-197.69470604348834,0.736559652908221
61,-90.09712797608212,0.7328768546436799
62,-182.267237039944,0.7292124703704616
63,-79.05396825491204,0.7255664080186093
64,-157.70205744074633,0.7219385759785162
65,-190.69434258425127,0.7183288830986236
66,-13.992007472619747,0.7147372386831305
67,-126.60123417195133,0.7111635524897149
68,-136.05095328021622,0.7076077347272662
69,-141.17058715027082,0.7040696960536299
70,-34.924427586735106,0.7005493475733617
71,-109.35082990457542,0.697046600835495
72,-250.65732968009675,0.6935613678313175
73,-80.27786005596045,0.6900935609921609
74,-152.90080467794485,0.6866430931872001
75,-74.52648826920324,0.6832098777212641
76,-118.65936276479748,0.6797938283326578
77,-143.29678752703686,0.6763948591909945
78,-40.87426143079769,0.6730128848950395
79,-36.91433210901067,0.6696478204705644
80,-119.39383176155492,0.6662995813682115
81,-45.21576608001787,0.6629680834613705
82,-74.0559506142724,0.6596532430440636
83,-116.5553529360472,0.6563549768288433
84,31.128112800018755,0.653073201944699
85,-138.184631661272,0.6498078359349755
86,-108.67039131389177,0.6465587967553006
87,-72.59302931212513,0.6433260027715241
88,-47.86741331137938,0.6401093727576664
89,-91.58226864162853,0.6369088258938781
90,-115.91354136241787,0.6337242817644086
91,-47.066355316333954,0.6305556603555866
92,-5.034675253283481,0.6274028820538087
93,-71.51034665894845,0.6242658676435396
94,-46.53540983865862,0.6211445383053219
95,-76.32441489185996,0.6180388156137953
96,-64.35134509056402,0.6149486215357263
97,-13.005466792035733,0.6118738784280476
98,-62.49477818551989,0.6088145090359074
99,-76.86093156143117,0.6057704364907278
100,23.336481536814233,0.6027415843082742
101,-52.63377993302066,0.5997278763867329
102,-8.247407204076893,0.5967292370047992
103,-19.66981557429716,0.5937455908197752
104,-19.549103820268485,0.5907768628656763
105,-99.94507092713754,0.5878229785513479
106,10.14677266386117,0.5848838636585911
107,-42.84157385071203,0.5819594443402982
108,-78.61057683549194,0.5790496471185967
109,-84.25509750781303,0.5761543988830038
110,-199.05647356799534,0.5732736268885887
111,-9.666554749384943,0.5704072587541458
112,16.28891893026622,0.567555222460375
113,-114.72149013814558,0.5647174463480732
114,-65.01703024415588,0.5618938591163328
115,12.39212144137268,0.5590843898207511
116,-44.45226378762646,0.5562889678716474
117,-52.92384794180016,0.5535075230322891
118,-30.370729523656394,0.5507399854171277
119,-36.659872814309864,0.547986285490042
120,-30.12315577021228,0.5452463540625918
121,-43.92898847047327,0.5425201222922789
122,-20.208965417055154,0.5398075216808175
123,-6.086033624305244,0.5371084840724134
124,-273.79779954233345,0.5344229416520513
125,14.778595066634537,0.531750826943791
126,4.621145134654242,0.5290920728090721
127,-18.021704961415935,0.5264466124450268
128,-35.28127392419675,0.5238143793828016
129,-18.328717917324184,0.5211953074858876
130,43.86507309722708,0.5185893309484582
131,-58.6400822054908,0.5159963842937159
132,-41.25533948657385,0.5134164023722473
133,-57.12698353220412,0.510849320360386
134,-31.992441448652627,0.5082950737585841
135,-8.823288077163056,0.5057535983897912
136,-36.91617997924415,0.5032248303978422
137,32.76856056227237,0.500708706245853
138,-61.651965319362,0.4982051627146237
139,6.213836853757812,0.49571413690105054
140,5.2112822236696275,0.4932355662165453
141,-119.39990041668509,0.4907693883854626
142,-39.16420182861981,0.4883155414435353
143,15.704190047541587,0.4858739637363176
144,13.437368954450989,0.483444593917636
145,-38.55589328079533,0.4810273709480478
146,-204.1612044009796,0.47862223409330756
147,-78.12277711127447,0.47622912292284103
148,-56.080110873428765,0.4738479773082268
149,-13.299624731154765,0.47147873742168567
150,-16.293550174784897,0.46912134373457726
151,-10.761403917469622,0.46677573701590436
152,-82.64326951097098,0.46444185833082485
153,-84.97215708871704,0.46211964903917074
154,-8.850733412714149,0.4598090507939749
155,5.812637026559699,0.457510005540005
156,-54.18998061512855,0.45522245551230495
157,-156.00214806471973,0.4529463432347434
158,-18.243782362347147,0.4506816115185697
159,-103.54799361636103,0.4484282034609769
160,-46.779466057082786,0.446186062443672
161,-29.673656777772848,0.4439551321314536
162,-27.225330781376314,0.4417353564707963
163,19.90100401808387,0.43952667968844233
164,5.9425964014811825,0.43732904629000013
165,92.18680742031448,0.4351424010585501
166,-5.672774418251407,0.43296668905325736
167,89.02853056987247,0.43080185560799106
168,137.1028800477208,0.4286478463299511
169,-10.615517627338065,0.42650460709830135
170,-34.75349139320137,0.42437208406280985
171,-11.83410668912633,0.4222502236424958
172,-47.40594856628505,0.42013897252428334
173,-5.7651818497138265,0.4180382776616619
174,68.39148429588339,0.4159480862733536
175,-5.64126157149673,0.41386834584198684
176,47.48003851438081,0.4117990041127769
177,-28.568280416568356,0.40974000909221303
178,84.84602449714376,0.40769130904675194
179,59.94975382846283,0.40565285250151817
180,33.340382916147405,0.4036245882390106
181,-75.82560013435173,0.4016064652978155
182,-60.367419748178605,0.3995984329713264
183,17.945863702519134,0.3976004408064698
184,13.81086441617525,0.39561243860243744
185,5.754688530256317,0.3936343764094253
186,-1.0829366157162847,0.39166620452737816
187,39.19005475419961,0.3897078735047413
188,-173.40278175659975,0.3877593341372176
189,-73.88030929747423,0.3858205374665315
190,-170.04145272215743,0.38389143477919885
191,-121.98692377769285,0.3819719776053028
192,-57.13133584849132,0.3800621177172763
193,100.6150975014654,0.37816180712868996
194,31.998096953079084,0.37627099809304654
195,-11.666396850038169,0.3743896431025813
196,81.12101612733824,0.37251769488706843
197,-48.869048964272906,0.3706551064126331
198,61.95594830751552,0.36880183088056995
199,-39.816224275605094,0.3669578217261671
200,-86.93827603263496,0.36512303261753626
201,25.319722188176385,0.3632974174544486
202,19.75346236224272,0.3614809303671764
203,16.625165258172018,0.3596735257153405
204,-165.18002175759383,0.3578751580867638
205,0.5167240936217468,0.35608578229633
206,10.058771031783067,0.3543053533848483
207,-27.979619976440063,0.35253382661792404
208,68.7633792940342,0.3507711574848344
209,26.342610479560364,0.34901730169741024
210,41.680429856738314,0.3472722151889232
211,-28.223631481250806,0.3455358541129786
212,64.24197562936962,0.3438081748424137
213,126.21364695638366,0.3420891339682016
214,-153.28334837951468,0.3403786882983606
215,-0.8330322029064661,0.3386767948568688
216,-45.09438424495174,0.33698341088258443
217,-6.707901248311237,0.3352984938281715
218,4.431338077569819,0.33362200135903064
219,13.726437248646988,0.33195389135223546
220,4.568518799374591,0.3302941218954743
221,61.31473358659834,0.32864265128599696
222,14.059503688906446,0.326999438029567
223,27.734168491868314,0.3253644408394192
224,-101.92429474306435,0.3237376186352221
225,41.67216150683752,0.322118930542046
226,33.455453110025154,0.32050833588933575
227,92.73268742322318,0.31890579420988907
228,-60.24538546085773,0.3173112652388396
229,-28.91322871809092,0.3157247089126454
230,-33.77101255846243,0.3141460853680822
231,121.75399363415136,0.3125753549412418
232,67.91330182916217,0.31101247816653554
233,104.40401808968193,0.30945741577570285
234,53.87811389247136,0.3079101286968243
235,14.931509358545748,0.3063705780533402
236,15.829529274131751,0.30483872516307353
237,-21.26754674016935,0.3033145315372582
238,39.63153566245154,0.3017979588795719
239,86.01662874688242,0.30028896908517405
240,57.95673521895759,0.2987875242397482
241,-13.204206044858651,0.29729358661854943
242,84.80513062796844,0.29580711868545667
243,41.86626713844558,0.2943280830920294
244,102.34159809316303,0.29285644267656924
245,98.6350546499808,0.2913921604631864
246,61.83640217526816,0.28993519966087045
247,21.278897689430707,0.2884855236625661
248,-120.4912054982841,0.28704309604425327
249,-5.3994147398225465,0.285607880564032
250,-80.46499634556838,0.28417984116121187
251,8.68952990794394,0.2827589419554058
252,75.78678545171236,0.28134514724562876
253,53.33710019793901,0.2799384215094006
254,81.68450145697963,0.27853872940185365
255,77.10982335244613,0.27714603575484437
256,-0.9133699443475223,0.2757603055760701
257,90.11087164723723,0.2743815040481898
258,88.02841341402058,0.2730095965279488
259,134.22391065786988,0.27164454854530906
260,76.47746922085923,0.2702863258025825
261,111.09590429160897,0.2689348941735696
262,64.09194057715341,0.26759021970270175
263,81.20141141575817,0.2662522686041882
264,80.16868970580923,0.2649210072611673
265,149.43448038240794,0.26359640222486147
266,53.662385433515716,0.26227842021373715
267,81.44896091742916,0.2609670281126685
268,-4.881576309993859,0.25966219297210513
269,-95.81850851003793,0.2583638820072446
270,13.76997680075287,0.2570720625972084
271,84.35271109960922,0.25578670228422234
272,90.86081998030407,0.25450776877280124
273,113.28021668991711,0.2532352299289372
274,135.40764128850245,0.2519690537792925
275,78.14604988179056,0.2507092085103961
276,127.29604151547261,0.2494556624678441
277,107.34107768578542,0.24820838415550486
278,124.74991310649922,0.24696734223472733
279,18.99692702831281,0.2457325055235537
280,69.49747676344668,0.24450384299593592
281,117.31816109141857,0.24328132378095624
282,5.981748482338131,0.24206491716205145
283,43.3357508115756,0.2408545925762412
284,109.83033098709363,0.23965031961336
285,54.98552824949482,0.2384520680152932
286,140.7027262929043,0.23725980767521673
287,69.17261947862919,0.23607350863684065
288,236.85721970072598,0.23489314109365644
289,134.30885267189234,0.23371867538818816
290,254.25168386002568,0.23255008201124722
291,83.9422805881585,0.231387331601191
292,-91.49665922801287,0.23023039494318503
293,107.40158622922257,0.2290792429684691
294,147.55120194215604,0.22793384675362674
295,134.982627730593,0.22679417751985861
296,151.68601699201918,0.22566020663225933
297,25.800869600572597,0.22453190559909803
298,-120.63863416024716,0.22340924607110255
299,46.98240704675875,0.22229219984074702
300,98.6156427571748,0.2211807388415433
301,93.14106977725652,0.22007483514733558
302,123.47843537639615,0.2189744609715989
303,99.98806996524904,0.2178795886667409
304,137.2961167035203,0.2167901907234072
305,156.1567852214849,0.21570623976979014
306,122.55059718880929,0.21462770857094118
307,-332.40171629825795,0.21355457002808648
308,58.89647088026925,0.21248679717794605
309,-29.062184603788033,0.21142436319205632
310,116.67249569043858,0.21036724137609603
311,166.3994907175321,0.20931540516921554
312,127.99750016338452,0.20826882814336947
313,237.04599431511986,0.20722748400265262
314,70.22554532392671,0.20619134658263935
315,97.38042679349141,0.20516038984972615
316,64.44540166699026,0.2041345879004775
317,-7.094192498348538,0.2031139149609751
318,216.07445531906575,0.20209834538617025
319,85.19442848687106,0.2010878536592394
320,-54.09529331949109,0.2000824143909432
321,202.49786500638473,0.19908200231898848
322,5.2603336798319305,0.19808659230739353
323,90.74534700928568,0.19709615934585656
324,94.52436679951903,0.19611067854912728
325,81.9911900050104,0.19513012515638165
326,86.51890599266923,0.19415447453059972
327,52.35234948404827,0.19318370215794672
328,296.40605377849704,0.192217783647157
329,99.1733865317002,0.1912566947289212
330,2.644242428667077,0.1903004112552766
331,22.031745521838378,0.18934890919900021
332,105.04032637928113,0.18840216465300522
333,93.7379850261422,0.18746015382974018
334,244.11934240368376,0.1865228530605915
335,209.89105973103983,0.18559023879528855
336,123.72612343700958,0.1846622876013121
337,241.30974251299176,0.18373897616330553
338,208.24558097830024,0.182820281282489
339,213.2663700868701,0.18190617987607657
340,147.66844973292842,0.18099664897669618
341,-23.195608504331044,0.1800916657318127
342,157.81303358715854,0.17919120740315364
343,-56.65526892301323,0.17829525136613786
344,67.41866995846546,0.17740377510930716
345,77.36213912938325,0.17651675623376062
346,181.23632320078167,0.1756341724525918
347,181.83205154806174,0.17475600159032884
348,287.3850261566437,0.17388222158237718
349,217.8254146627252,0.1730128104744653
350,156.1227353709075,0.17214774642209296
351,-31.427196961717854,0.1712870076899825
352,50.03661265470146,0.17043057265153258
353,39.70081057366189,0.16957841978827493
354,-32.98401147377105,0.16873052768933355
355,107.32047654199236,0.1678868750508869
356,119.58686010195696,0.16704744067563246
357,171.97331772590385,0.1662122034722543
358,24.425245420751985,0.16538114245489302
359,212.62478470302673,0.16455423674261854
360,165.80054161516858,0.16373146555890544
361,132.5511127608379,0.16291280823111093
362,-12.811665081445378,0.16209824418995536
363,99.61389051017422,0.16128775296900558
364,217.02733426694817,0.16048131420416054
365,-53.74238040763964,0.15967890763313974
366,86.4394033523008,0.15888051309497406
367,-38.16043547516856,0.1580861105294992
368,246.96590335195563,0.1572956799768517
369,243.596426214889,0.15650920157696743
370,-53.90465474791962,0.1557266555690826
371,261.8919351678449,0.1549480222912372
372,-47.68978615438642,0.15417328217978102
373,206.07347716998737,0.1534024157688821
374,231.83953273539427,0.1526354036900377
375,269.2937483873161,0.1518722266715875
376,51.67654254534064,0.15111286553822956
377,207.78462210362844,0.15035730121053842
378,260.208419780712,0.14960551470448571
379,226.69534245455395,0.14885748713096328
380,1.355111822267304,0.14811319969530845
381,221.7735218391269,0.1473726336968319
382,297.8913619525708,0.14663577052834775
383,167.75742724481222,0.14590259167570602
384,-30.947919117153916,0.1451730787173275
385,239.62338010081203,0.14444721332374086
386,243.58459950249178,0.14372497725712216
387,221.15903142231883,0.14300635237083656
388,235.78156531905043,0.14229132060898236
389,263.45984676193063,0.14157986400593744
390,4.054726037923574,0.14087196468590776
391,206.20296075964407,0.14016760486247823
392,216.48524305455925,0.13946676683816583
393,-17.401433789095172,0.138769433003975
394,23.882097679541403,0.13807558583895513
395,218.4582291578451,0.13738520790976036
396,-13.286238506142896,0.13669828187021155
397,218.33819235671245,0.13601479046086049
398,-53.65875470169253,0.1353347165085562
399,86.27546304348317,0.1346580429260134
400,200.01694168865964,0.13398475271138335
401,4.808000719173549,0.13331482894782642
402,183.15309518381088,0.13264825480308728
403,215.07410060891942,0.13198501352907185
404,223.26231262220512,0.1313250884614265
405,19.424935380122832,0.13066846301911936
406,201.37332152733686,0.13001512070402377
407,251.46371647743067,0.12936504510050365
408,214.37649469769963,0.12871821987500112
409,193.87532501730385,0.12807462877562611
410,26.57200176800094,0.12743425563174798
411,251.33745348879,0.12679708435358925
412,174.5474356101004,0.1261630989318213
413,231.20463104728847,0.1255322834371622
414,161.07256720995497,0.12490462201997637
415,248.04612144491514,0.1242800989098765
416,31.46622257108544,0.12365869841532712
417,150.50465276454918,0.12304040492325048
418,264.4895785730398,0.12242520289863423
419,253.37353942662952,0.12181307688414106
420,246.82303065007335,0.12120401149972035
421,223.61775051164688,0.12059799144222175
422,261.9660292461508,0.11999500148501063
423,258.0577110928617,0.11939502647758558
424,-8.866990698217867,0.11879805134519765
425,214.76156031414035,0.11820406108847166
426,249.14326447038192,0.1176130407830293
427,-48.96495220433788,0.11702497557911415
428,277.2396641205905,0.11643985070121858
429,22.99781283608781,0.11585765144771248
430,282.37201441578344,0.11527836319047392
431,185.94891175584831,0.11470197137452155
432,227.72412560488,0.11412846151764894
433,243.1056633304231,0.1135578192100607
434,260.8001190747358,0.11299003011401039
435,237.21083345553203,0.11242507996344034
436,246.6256532224444,0.11186295456362313
437,254.7503779531951,0.11130363979080501
438,252.95042694352531,0.11074712159185099
439,292.09226658948353,0.11019338598389174
440,217.5153163160217,0.10964241905397228
441,235.18617456575464,0.10909420695870241
442,252.9348720199515,0.1085487359239089
443,221.3533333557973,0.10800599224428936
444,295.0581473280788,0.10746596228306791
445,270.4852840362902,0.10692863247165257
446,172.18307055973708,0.1063939893092943
447,242.07438723020607,0.10586201936274783
448,213.48634128629578,0.10533270926593409
449,236.89368688916096,0.10480604571960442
450,268.65279934014114,0.1042820154910064
451,254.77925330188685,0.10376060541355137
452,231.46168802516254,0.1032418023864836
453,205.96308827683944,0.10272559337455119
454,244.43129850275403,0.10221196540767843
455,218.30223487442376,0.10170090558064004
456,244.2201651657576,0.10119240105273684
457,236.6611948677826,0.10068643904747315
458,125.2609626750223,0.10018300685223579
459,240.78801110549222,0.0996820918179746
460,221.22462622734358,0.09918368135888474
461,42.656821811176336,0.09868776295209031
462,262.37911614193933,0.09819432413732986
463,250.31950794736068,0.09770335251664321
464,261.52911348841326,0.09721483575406
465,86.30807895396723,0.09672876157528969
466,183.4239499279872,0.09624511776741324
467,186.5940058604533,0.09576389217857617
468,203.43174230319153,0.09528507271768329
469,149.53980935264585,0.09480864735409487
470,131.89613841128804,0.0943346041173244
471,274.9116782909299,0.09386293109673778
472,282.0154135268758,0.09339361644125409
473,281.6618024624918,0.09292664835904782
474,221.46681703615792,0.09246201511725258
475,248.97085869274707,0.09199970504166631
476,266.59717014098516,0.09153970651645797
477,242.22989651342516,0.09108200798387568
478,242.77474538974258,0.0906265979439563
479,290.3221795744846,0.09017346495423652
480,243.71810930627302,0.08972259762946533
481,156.65985441789383,0.089273984641318
482,268.4249855728341,0.0888276147181114
483,270.3417281872295,0.08838347664452084
484,254.66979184064158,0.08794155926129824
485,267.56612321274457,0.08750185146499175
486,312.3953764250309,0.08706434220766679
487,280.2049066238713,0.08662902049662846
488,289.3926992984576,0.08619587539414532
489,268.55831288394006,0.08576489601717459
490,233.77278056040652,0.08533607153708872
491,270.01847583865214,0.08490939117940327
492,267.37203945570286,0.08448484422350626
493,245.5508636513378,0.08406242000238873
494,199.61165882513325,0.08364210790237678
495,193.28180239409383,0.0832238973628649
496,268.6213725732349,0.08280777787605056
497,267.0088482316234,0.08239373898667031
498,254.34649131004375,0.08198177029173696
499,280.41621047878965,0.08157186144027828
500,251.00071256362614,0.0811640021330769
501,203.2593444762484,0.08075818212241151
502,102.107517863983,0.08035439121179945
503,229.55897699195992,0.07995261925574046
504,246.27902385747092,0.07955285615946175
505,208.45303135565996,0.07915509187866444
506,244.89124494980373,0.07875931641927113
507,231.2158374419742,0.07836551983717477
508,281.6098774927546,0.07797369223798889
509,231.94816121552853,0.07758382377679894
510,160.48762946180622,0.07719590465791494
511,257.12339197460653,0.07680992513462537
512,-19.543723266866763,0.07642587550895225
513,213.22205769146836,0.07604374613140748
514,267.8821352897422,0.07566352740075044
515,279.24853582498395,0.07528520976374668
516,269.8697341904667,0.07490878371492794
517,228.27637866282473,0.0745342397963533
518,234.78115314983808,0.07416156859737154
519,188.83336551385293,0.07379076075438468
520,289.75948642146875,0.07342180695061275
521,210.88907972620615,0.07305469791585968
522,266.8260261976737,0.07268942442628039
523,248.4390855864333,0.07232597730414898
524,223.1015689695123,0.07196434741762824
525,236.8799903990651,0.0716045256805401
526,187.20645641172896,0.0712465030521374
527,274.12368856841744,0.0708902705368767
528,177.31859396068882,0.07053581918419231
529,250.64573924700906,0.07018314008827135
530,203.47614081899752,0.06983222438783
531,88.59341444919767,0.06948306326589085
532,266.1907195729344,0.0691356479495614
533,200.75896843897686,0.06878996970981359
534,192.29152556887914,0.06844601986126451
535,250.37948208799335,0.06810378976195819
536,233.53956696737535,0.0677632708131484
537,265.7820153954731,0.06742445445908266
538,176.6487066756277,0.06708733218678724
539,183.56783876677724,0.0667518955258533
540,177.2765834913704,0.06641813604822402
541,226.75307854392207,0.0660860453679829
542,260.6980402743674,0.06575561514114299
543,277.1177048922931,0.06542683706543727
544,236.61629634419924,0.06509970288011008
545,247.2688580250903,0.06477420436570952
546,217.3356742185553,0.06445033334388098
547,37.29628739920372,0.06412808167716157
548,-2.904629814804366,0.06380744126877576
549,250.4334504126372,0.06348840406243188
550,278.97648567755925,0.06317096204211972
551,269.14859594592815,0.06285510723190912
552,291.11943787222623,0.06254083169574957
553,283.12809442226904,0.062228127537270826
554,96.73673891727164,0.06191698689958447
555,264.46801003712386,0.061607401965086545
556,269.7122011926384,0.06129936495526111
557,277.92590871400773,0.0609928681304848
558,249.15317312061853,0.060687903789832374
559,196.59030627791606,0.06038446427088321
560,248.7178387841194,0.06008254194952879
561,108.16926294167732,0.05978212923978115
562,246.30970676664424,0.05948321859358224
563,191.201622147823,0.05918580250061433
564,241.5269845211573,0.058889873488111255
565,261.90255028414106,0.058595424120670696
566,229.05220642051293,0.05830244700006734
567,220.1361589503566,0.058010934765067
568,227.76951962662903,0.05772088009124167
569,128.57128526414908,0.05743227569078546
570,244.26005537834524,0.05714511431233153
571,290.19448458521117,0.05685938874076987
572,76.9876267271642,0.056575091797066025
573,264.3509049808207,0.056292216338080694
574,240.54988913679315,0.05601075525639029
575,239.96854434922201,0.05573070148010834
576,238.3165367754901,0.0554520479727078
577,271.3767508198003,0.05517478773284426
578,183.32508043317992,0.05489891379418004
579,260.92682338557654,0.05462441922520914
580,170.32053344725583,0.0543512971290831
581,235.82866077609572,0.05407954064343768
582,218.9056427669452,0.05380914294022049
583,223.48922522872857,0.05354009722551939
584,171.93568235467598,0.05327239673939179
585,273.8672682657102,0.053006034755694834
586,281.3617571772029,0.052741004581916356
587,267.85755559749975,0.052477299559006776
588,189.89736796835666,0.052214913061211746
589,225.09997906613677,0.05195383849590569
590,-68.80343088758252,0.05169406930342616
591,283.98297443812453,0.05143559895690903
592,293.25533412555785,0.051178420962124486
593,131.4955339972944,0.05092252885731386
594,254.69537759885208,0.05066791621302729
595,281.3126228633399,0.05041457663196215
596,242.9053545325747,0.050162503748802344
597,235.19143273698185,0.049911691230058335
598,208.35612012876138,0.04966213277390804
599,173.95671957825726,0.0494138221100385
600,277.5214306473656,0.04916675299948831
601,283.24499307918785,0.04892091923449087
602,191.0497967993857,0.04867631463831842
603,302.73832715998515,0.048432933065126825
604,271.95226023781106,0.048190768399801194
605,235.1247976185636,0.04794981455780219
606,190.85340107693284,0.04771006548501318
607,285.16869763042723,0.047471515157588115
608,273.94181718756874,0.047234157581800176
609,229.00111254261805,0.046997986793891174
610,257.5255611008374,0.04676299685992172
611,268.83788199457706,0.04652918187562211
612,228.52439015854333,0.046296535966244
613,237.89925108709943,0.046065053286412784
614,240.58185704249158,0.04583472801998072
615,228.7063137163644,0.045605554379880814
616,248.30999893805654,0.04537752660798141
617,243.96251673618326,0.0451506389749415
618,275.27671812915855,0.044924885780066794
619,249.34877944659232,0.04470026135116646
620,270.0051164844157,0.04447676004441063
621,246.70182173405277,0.04425437624418858
622,249.75530524747364,0.04403310436296763
623,207.25285092118025,0.043812938841152796
624,238.74451592333588,0.04359387414694703
625,288.5777035839358,0.043375904776212296
626,283.90994633145783,0.043159025252331236
627,209.290552929755,0.04294323012606958
628,267.8367859701176,0.04272851397543923
629,253.30315946870897,0.04251487140556204
630,274.62159016614146,0.04230229704853423
631,230.16285118583312,0.04209078556329156
632,224.8247594159734,0.0418803316354751
633,229.71333109593107,0.041670929977297724
634,247.27108722647873,0.04146257532741124
635,234.3236191113687,0.04125526245077418
636,269.26664539883086,0.04104898613852031
637,261.04818220415075,0.04084374120782771
638,269.1120487167667,0.04063952250178857
639,263.40489129313585,0.04043632488927963
640,240.8456967085762,0.04023414326483323
641,246.35717360641303,0.040032972548509065
642,245.4210410995177,0.03983280768576652
643,226.0276975833641,0.03963364364733769
644,283.6716203155356,0.039435475429100995
645,261.4882475086103,0.03923829805195549
646,261.97599518444616,0.03904210656169572
647,263.13001431055943,0.03884689602888724
648,263.85925379674677,0.0386526615487428
649,294.406077974397,0.03845939824099909
650,228.12447714140262,0.03826710124979409
651,249.93747315323864,0.038075765743545126
652,286.88130620916047,0.0378853869148274
653,279.83063281564057,0.03769595998025326
654,256.4420253894651,0.03750748018035199
655,233.88526273605825,0.037319942779450235
656,231.50263881714312,0.037133343065552986
657,257.3543380421261,0.03694767635022522
658,284.3106364419244,0.036762937968474095
659,258.6246255482179,0.03657912327863173
660,191.76452701211548,0.036396227662238566
661,259.18885089371537,0.03621424652392737
662,38.132762851537734,0.036033175291307735
663,249.8075887404309,0.03585300941485119
664,246.9310879509597,0.035673744367776934
665,216.06663817546396,0.03549537564593805
666,241.10372245675748,0.035317898767708356
667,232.4061560299428,0.03514130927386981
668,246.45738448980734,0.03496560272750046
669,270.78046950195915,0.03479077471386296
670,19.062381699210846,0.03461682084029365
671,259.1447921275474,0.034443736736092176
672,218.5771578490042,0.034271518052411715
673,227.4842639638282,0.034100160462149656
674,276.88027398326074,0.03392965965983891
675,202.76643021868196,0.033760011361539714
676,261.5334323780625,0.03359121130473201
677,251.11655475271303,0.033423255248208356
678,270.7238220576154,0.03325613897196732
679,304.609249057634,0.03308985827710748
680,279.907608034481,0.032924408985721944
681,254.66228622141662,0.03275978694079333
682,206.7570029005276,0.032595988006089364
683,220.71253541757198,0.032433008066058915
684,247.36046751425627,0.03227084302572862
685,272.7895367814399,0.032109488810599975
686,288.7391106284498,0.031948941366546975
687,279.9926070858974,0.03178919665971424
688,0.6033348296299863,0.03163025067641567
689,271.9324081875201,0.03147209942303359
690,230.5848904828362,0.03131473892591842
691,55.482723903248,0.031158165231288826
692,295.06411549760026,0.03100237440513238
693,271.9813251580397,0.030847362533106718
694,256.0683928197958,0.030693125720441184
695,300.7946698162794,0.030539660091838977
696,199.64339054262774,0.03038696179137978
697,236.71312028703963,0.030235026982422884
698,235.38595587002422,0.030083851847510768
699,290.8596378783076,0.029933432588273214
700,259.51601733188613,0.029783765425331846
701,232.67012169331775,0.029634846598205186
702,202.31083529484732,0.02948667236521416
703,247.1412235827624,0.029339239003388088
704,240.81890076225307,0.029192542808371146
705,294.95003248751755,0.02904658009432929
706,11.108418168604203,0.028901347193857643
707,244.8851910657743,0.028756840457888354
708,6.856383002093125,0.02861305625559891
709,261.3146370411979,0.028469990974320916
710,265.0804235296448,0.02832764101944931
711,230.8488861215595,0.028186002814352063
712,227.38976464223924,0.0280450728002803
713,269.48179981921066,0.0279048474362789
714,280.1011331924525,0.027765323199097504
715,245.05908517900752,0.027626496583102015
716,284.6334604649408,0.027488364100186506
717,244.80812888234036,0.027350922279685573
718,281.77932464091816,0.027214167668287145
719,260.5230332221016,0.02707809682994571
720,196.18977793146877,0.02694270634579598
721,278.8787958352152,0.026807992814067
722,221.26925990893318,0.026673952849996664
723,8.59828395411246,0.02654058308574668
724,240.4200339947579,0.026407880170317945
725,-30.67998348388413,0.026275840769466357
726,271.60203279275595,0.026144461565619025
727,298.81003389354305,0.02601373925779093
728,247.34847729529588,0.025883670561501974
729,251.47353032032626,0.025754252208694463
730,296.7267870460871,0.02562548094765099
731,294.26123772697724,0.025497353542912736
732,292.63259756139934,0.02536986677519817
733,212.8679317475589,0.02524301744132218
734,246.82694441744582,0.025116802354115567
735,266.2605477360331,0.024991218342344988
736,261.738117928865,0.024866262250633264
737,237.06768398935512,0.024741930939380097
738,265.366426975295,0.024618221284683196
739,265.2263251689594,0.02449513017825978
740,263.7426385364837,0.02437265452736848
741,235.4270698962371,0.024250791254731636
742,202.36321136081182,0.024129537298457977
743,219.29872885486654,0.024008889611965685
744,234.7424708581207,0.023888845163905856
745,219.53986535034107,0.023769400938086327
746,212.66701412758044,0.023650553933395897
747,221.40415076500398,0.023532301163728918
748,268.757689289197,0.023414639657910272
749,-141.20091101096898,0.023297566459620722
750,-404.446160540564,0.023181078627322618
751,266.6191554681558,0.023065173234186005
752,236.6507655798219,0.022949847368015076
753,267.54082684625564,0.022835098131175
754,238.70520590377512,0.022720922640519125
755,124.3167168515356,0.02260731802731653
756,211.31069564768472,0.022494281437179946
757,-66.97480849181191,0.022381810029994047
758,226.07387238226625,0.022269900979844076
759,277.07088949893046,0.022158551474944856
760,275.5463798938484,0.022047758717570132
761,259.4589426385793,0.021937519923982282
762,238.77871515828625,0.021827832324362372
763,282.4049036710861,0.02171869316274056
764,245.06807798933693,0.021610099696926857
765,108.66709668672249,0.021502049198442223
766,254.72073783861907,0.021394538952450012
767,253.29130352538243,0.02128756625768776
768,278.88661486701557,0.021181128426399323
769,252.4649547828528,0.021075222784267326
770,266.1766200295034,0.020969846670345987
771,239.6356358434639,0.020864997436994256
772,220.5967526184031,0.020760672449809284
773,7.018480599823619,0.020656869087560238
774,272.3951986088015,0.020553584742122436
775,231.40629956163048,0.020450816818411825
776,238.1343143954552,0.020348562734319765
777,221.816784731145,0.020246819920648168
778,242.52420622776805,0.020145585821044927
779,295.17547710332786,0.020044857891939702
780,230.26473049403148,0.019944633602480003
781,259.2253094857356,0.019844910434467605
782,251.1487793176167,0.019745685882295267
783,246.68855886013563,0.01964695745288379
784,262.03072399111284,0.01954872266561937
785,269.0572347938229,0.019450979052291272
786,-292.55657116308953,0.019353724157029815
787,276.53526348800705,0.019256955536244666
788,-0.24122935493718956,0.019160670758563442
789,262.0380739793253,0.019064867404770626
790,260.8692627308268,0.018969543067746772
791,268.8286090164296,0.018874695352408037
792,252.52487352941728,0.018780321875645996
793,50.2537602062545,0.018686420266267767
794,269.73949248942205,0.018592988164936427
795,-324.962056701273,0.018500023224111744
796,219.8184107475356,0.018407523107991184
797,209.2720327861619,0.01831548549245123
798,220.3240099410747,0.018223908064988973
799,278.1769683123108,0.018132788524664028
800,204.57260344703502,0.018042124582040707
801,-311.36878864857306,0.017951913959130504
802,264.9589653496316,0.01786215438933485
803,253.22779824654248,0.017772843617388175
804,222.19930035112895,0.017683979399301233
805,271.45233716141166,0.017595559502304726
806,242.5188898382458,0.0175075817047932
807,221.06521515353998,0.017420043796269234
808,283.05236374763706,0.017332943577287888
809,9.233331840818408,0.01724627885940145
810,270.61903021478815,0.017160047465104442
811,309.33598680051404,0.01707424722777892
812,287.2663231867426,0.016988875991640028
813,260.87270481533903,0.016903931611681827
814,264.9830762170708,0.01681941195362342
815,-264.09103031062864,0.016735314893855303
816,-33.10292684912399,0.016651638319386028
817,244.50858523869425,0.0165683801277891
818,14.571943239068503,0.016485538227150154
819,-356.5359806845729,0.0164031105360144
820,304.24806332004295,0.01632109498333433
821,-43.74721804627647,0.016239489508417658
822,223.31199689055285,0.01615829206087557
823,212.82667259148425,0.01607750060057119
824,286.7736708095924,0.015997113097568336
825,234.0081950834661,0.015917127532080494
826,276.20709300812905,0.01583754189442009
827,-482.92193269190653,0.01575835418494799
828,-409.14177939961564,0.01567956241402325
829,230.9621103121498,0.015601164601953134
830,243.9909423556013,0.015523158778943369
831,255.75594384029162,0.015445542985048652
832,251.34754683472931,0.015368315270123408
833,294.1472117013624,0.01529147369377279
834,244.97203027951724,0.015215016325303928
835,219.03640275661135,0.015138941243677408
836,211.8221440741067,0.01506324653745902
837,252.7576486759172,0.014987930304771725
838,236.9688495917807,0.014912990653247866
839,172.07179753671505,0.014838425699981627
840,271.8376662697559,0.01476423357148172
841,0.5810174972211115,0.014690412403624311
842,277.0799025264921,0.01461696034160619
843,261.64889240928653,0.014543875539898159
844,277.74633443828293,0.014471156162198668
845,218.22690690091434,0.014398800381387675
846,263.63777657964397,0.014326806379480736
847,271.45306649376056,0.014255172347583332
848,18.82108657667237,0.014183896485845416
849,229.3952544054532,0.014112977003416188
850,253.497327553901,0.014042412118399107
851,63.95748861233113,0.013972200057807112
852,-22.510418163809007,0.013902339057518077
853,124.28256399422847,0.013832827362230486
854,-235.56949228875942,0.013763663225419333
855,242.54260266485483,0.013694844909292236
856,249.79514012527926,0.013626370684745774
857,263.0828976155808,0.013558238831322046
858,229.32507495378678,0.013490447637165436
859,9.47122551595066,0.013422995398979608
860,-1.1656049976817968,0.01335588042198471
861,-243.47498863412156,0.013289101019874787
862,250.58093597836952,0.013222655514775413
863,190.11862493810747,0.013156542237201536
864,245.1354910927027,0.013090759526015528
865,262.5703517380289,0.01302530572838545
866,-253.5841262117849,0.012960179199743523
867,284.1210498253407,0.012895378303744804
868,263.8375404951422,0.01283090141222608
869,254.0612347518145,0.012766746905164949
870,264.96380078724815,0.012702913170639124
871,272.17602571558655,0.012639398604785928
872,-279.7453060932138,0.012576201611761997
873,238.3184350800257,0.012513320603703188
874,-323.40440619635876,0.012450754000684672
875,275.0658210106286,0.012388500230681249
876,271.5617671517784,0.012326557729527843
877,275.007587535571,0.012264924940880204
878,251.3069957462565,0.012203600316175803
879,281.8425436270402,0.012142582314594924
880,235.5905677105184,0.01208186940302195
881,192.92970567964932,0.01202146005600684
882,141.25992054315947,0.011961352755726806
883,244.52870620635898,0.01190154599194817
884,249.52821114595756,0.01184203826198843
885,278.0753490245075,0.011782828070678488
886,244.1440749953692,0.011723913930325095
887,-244.0130776934119,0.01166529436067347
888,250.10102414250656,0.011606967888870102
889,281.54638358884677,0.01154893304942575
890,275.68943398763673,0.011491188384178622
891,8.576131184897747,0.011433732442257729
892,-4.625241612301593,0.01137656378004644
893,291.029343364042,0.011319680961146208
894,217.51381408079516,0.011263082556340478
895,269.18955144305534,0.011206767143558775
896,249.33588857515164,0.011150733307840981
897,276.8775453816171,0.011094979641301777
898,262.804131737254,0.011039504743095268
899,228.2126844013627,0.01098430721937979
900,243.98480916610544,0.010929385683282892
901,269.5035923705093,0.010874738754866477
902,-49.2058293002797,0.010820365061092144
903,143.25321069454617,0.010766263235786683
904,218.39426628966993,0.01071243191960775
905,227.35649528208597,0.010658869760009713
906,269.30079695398905,0.010605575411209664
907,246.9102261431695,0.010552547534153616
908,240.35409775671755,0.010499784796482848
909,232.90581363508224,0.010447285872500434
910,233.82926284156548,0.01039504944313793
911,147.3883974220865,0.010343074195922241
912,-51.5045899455945,0.01029135882494263
913,251.31566559969679,0.010239902030817916
914,233.12797710931,0.010188702520663827
915,211.82903162081203,0.010137759008060509
916,261.85457614339157,0.010087070213020206
917,257.99816469323736,0.010036634861955105
918,260.2953428886803,0.01
919,270.5674548507858,0.01
920,223.29232963707958,0.01
921,55.26024364003405,0.01
922,271.50367877204667,0.01
923,221.62654993041775,0.01
924,277.5324185685252,0.01
925,-337.18279328111146,0.01
926,272.5862833867249,0.01
927,296.02937771379897,0.01
928,235.61437568524997,0.01
929,248.13253150824448,0.01
930,-33.84436005823292,0.01
931,232.505660391899,0.01
932,271.6311432045469,0.01
933,233.62438524888856,0.01
934,-162.71853070792116,0.01
935,236.66280289547382,0.01
936,304.411128608476,0.01
937,314.8407668678569,0.01
938,272.21270520368637,0.01
939,-110.21619846884568,0.01
940,259.0119430626896,0.01
941,-36.64595641786549,0.01
942,275.0488223990816,0.01
943,290.5468681627895,0.01
944,221.98664172396764,0.01
945,277.13328881855944,0.01
946,-26.33670166164319,0.01
947,205.88307342423292,0.01
948,6.296051451777842,0.01
949,93.93922257776683,0.01
950,291.6637988175639,0.01
951,277.94904539305276,0.01
952,-288.35905138119574,0.01
953,-90.37562684523522,0.01
954,273.50627965093963,0.01
955,257.82989003816385,0.01
956,242.32013202030524,0.01
957,283.61136729726377,0.01
958,232.66590457865243,0.01
959,258.0612347235734,0.01
960,238.43370819955882,0.01
961,230.05184435037182,0.01
962,234.09436187870523,0.01
963,266.98406491235994,0.01
964,8.724109395551153,0.01
965,270.49698303320963,0.01
966,225.33076251734713,0.01
967,263.7855192296935,0.01
968,24.13281858984689,0.01
969,251.48835517543208,0.01
970,227.86202957520692,0.01
971,237.51379151099448,0.01
972,251.6857700036804,0.01
973,239.00695892310196,0.01
974,264.53921714312025,0.01
975,279.9710020392072,0.01
976,248.80903171775358,0.01
977,209.7872683777451,0.01
978,-62.12034225451191,0.01
979,2.5365180293098746,0.01
980,242.9923321663244,0.01
981,276.8850590988945,0.01
982,119.11188646231324,0.01
983,265.1529341392775,0.01
984,288.65812275604867,0.01
985,293.5001815406394,0.01
986,-38.106096888171024,0.01
987,241.8721860772486,0.01
988,285.2806820681039,0.01
989,293.6830781092122,0.01
990,241.7571154804524,0.01
991,251.43038019781847,0.01
992,275.75332572727774,0.01
993,235.81781249788858,0.01
994,289.5046411584522,0.01
995,-23.120178423172703,0.01
996,301.7802180078179,0.01
997,247.40199155375842,0.01
998,246.06815555894926,0.01
999,250.69166791530833,0.01
